[{"__symbolic":"module","version":4,"metadata":{"DndListModule":{"__symbolic":"class","decorators":[{"__symbolic":"call","expression":{"__symbolic":"reference","module":"@angular/core","name":"NgModule","line":5,"character":1},"arguments":[{"imports":[{"__symbolic":"reference","module":"@angular/common","name":"CommonModule","line":7,"character":8}],"exports":[{"__symbolic":"reference","module":"../directives","name":"DndDraggable","line":10,"character":8},{"__symbolic":"reference","module":"../directives","name":"DndHandle","line":10,"character":22},{"__symbolic":"reference","module":"../directives","name":"DndList","line":10,"character":33},{"__symbolic":"reference","module":"../directives","name":"DndNoDrag","line":10,"character":42}],"entryComponents":[],"declarations":[{"__symbolic":"reference","module":"../directives","name":"DndDraggable","line":13,"character":19},{"__symbolic":"reference","module":"../directives","name":"DndHandle","line":13,"character":33},{"__symbolic":"reference","module":"../directives","name":"DndList","line":13,"character":44},{"__symbolic":"reference","module":"../directives","name":"DndNoDrag","line":13,"character":53}],"providers":[{"__symbolic":"reference","module":"../services","name":"DndState","line":15,"character":8}]}]}]}}}]