[{"__symbolic":"module","version":4,"metadata":{"DndNoDrag":{"__symbolic":"class","decorators":[{"__symbolic":"call","expression":{"__symbolic":"reference","module":"@angular/core","name":"Directive","line":6,"character":1},"arguments":[{"selector":"[dndNoDrag]"}]}],"members":{"__ctor__":[{"__symbolic":"constructor","parameters":[{"__symbolic":"reference","module":"@angular/core","name":"ElementRef","line":20,"character":25},{"__symbolic":"reference","module":"../services","name":"DndState","line":21,"character":26}]}],"handleDragStart":[{"__symbolic":"method","decorators":[{"__symbolic":"call","expression":{"__symbolic":"reference","module":"@angular/core","name":"HostListener","line":29,"character":5},"arguments":["dragstart",["$event"]]}]}],"handleDragEnd":[{"__symbolic":"method","decorators":[{"__symbolic":"call","expression":{"__symbolic":"reference","module":"@angular/core","name":"HostListener","line":43,"character":5},"arguments":["dragend",["$event"]]}]}]}}}}]