[{"__symbolic":"module","version":4,"metadata":{"DndHandle":{"__symbolic":"class","decorators":[{"__symbolic":"call","expression":{"__symbolic":"reference","module":"@angular/core","name":"Directive","line":6,"character":1},"arguments":[{"selector":"[dndHandle]"}]}],"members":{"__ctor__":[{"__symbolic":"constructor","parameters":[{"__symbolic":"reference","module":"@angular/core","name":"ElementRef","line":22,"character":25},{"__symbolic":"reference","module":"../services","name":"DndState","line":23,"character":26}]}],"handleDragStart":[{"__symbolic":"method","decorators":[{"__symbolic":"call","expression":{"__symbolic":"reference","module":"@angular/core","name":"HostListener","line":31,"character":5},"arguments":["dragstart",["$event"]]}]}],"handleDragEnd":[{"__symbolic":"method","decorators":[{"__symbolic":"call","expression":{"__symbolic":"reference","module":"@angular/core","name":"HostListener","line":37,"character":5},"arguments":["dragend",["$event"]]}]}]}}}}]